<?xml version="1.0" encoding="utf-8"?>
<ScrollView xmlns:android="http://schemas.android.com/apk/res/android"
    xmlns:app="http://schemas.android.com/apk/res-auto"
    xmlns:tools="http://schemas.android.com/tools"
    android:layout_width="match_parent"
    android:layout_height="match_parent"
    tools:context=".MainActivity"
    android:background="#565656">

   <LinearLayout
       android:layout_width="match_parent"
       android:layout_height="match_parent"
       android:orientation="vertical" >

       <TextView
           android:layout_width="match_parent"
           android:layout_height="match_parent"
           android:text="Aplikasi To Do"
           android:textColor="#ffffff"
           android:textSize="24dp"
           android:textStyle="bold"
           android:layout_marginLeft="5dp"
           android:layout_marginTop="50dp">

       </TextView>

       <TextView
           android:layout_width="match_parent"
           android:layout_height="match_parent"
           android:text="Tambah Pekerjaan"
           android:textColor="#ffffff"
           android:textSize="18dp"
           android:textStyle="normal"
           android:layout_marginLeft="15dp"
           android:layout_marginTop="50dp">

       </TextView>

       <ImageView
           android:layout_width="match_parent"
           android:layout_height="wrap_content"
           android:src="@drawable/garis1"
           android:layout_marginTop="10dp">

       </ImageView>

       <LinearLayout
           android:layout_width="match_parent"
           android:layout_height="match_parent"
           android:orientation="horizontal"
           android:layout_marginTop="20dp">
           <EditText
               android:layout_width="250dp"
               android:layout_height="35dp"
               android:layout_marginLeft="15dp"
               android:background="#ffffff"
               android:text=""
               android:textColor="@color/black"
               android:textSize="18dp"
               android:id="@+id/input"
               android:hint="Masukkan Pekerjaan">
           </EditText>
           <Button
               android:layout_width="wrap_content"
               android:layout_height="wrap_content"
               android:backgroundTint="#383434"
               android:text="Tambah"
               android:layout_marginLeft="10dp"
               android:id="@+id/tambah">
           </Button>
       </LinearLayout>

       <TextView
           android:layout_width="match_parent"
           android:layout_height="match_parent"
           android:text="Belum Dikerjakan"
           android:textColor="#ffffff"
           android:textSize="18dp"
           android:textStyle="normal"
           android:layout_marginLeft="15dp"
           android:layout_marginTop="20dp">

       </TextView>

       <ImageView
           android:layout_width="match_parent"
           android:layout_height="wrap_content"
           android:src="@drawable/garis1"
           android:layout_marginTop="10dp">
       </ImageView>

       <LinearLayout
           android:layout_width="wrap_content"
           android:layout_height="wrap_content"
           android:orientation="horizontal">

           <LinearLayout
               android:layout_width="match_parent"
               android:layout_height="match_parent"
               android:orientation="vertical"
               android:layout_marginTop="20dp">


               <CheckBox
                   android:layout_width="match_parent"
                   android:layout_height="wrap_content"
                   android:text=""
                   app:buttonTint="#FFFFFF"
                   android:layout_marginLeft="18dp"
                   android:id="@+id/belum"
                   android:textColor="#ffffff"
                   android:textSize="18dp">

               </CheckBox>

               <ImageView
                   android:layout_width="wrap_content"
                   android:layout_height="wrap_content"
                   android:src="@drawable/garis2"
                   android:layout_marginTop="-10dp"
                   android:layout_marginLeft="50dp">
               </ImageView>
           </LinearLayout>
           <Button
               android:layout_width="wrap_content"
               android:layout_height="wrap_content"
               android:backgroundTint="#383434"
               android:text="Hapus"
               android:layout_marginTop="8dp"
               android:layout_marginLeft="20dp"
               android:id="@+id/hapus">
           </Button>

       </LinearLayout>

       <LinearLayout
           android:layout_width="wrap_content"
           android:layout_height="wrap_content"
           android:orientation="horizontal">

           <LinearLayout
               android:layout_width="match_parent"
               android:layout_height="match_parent"
               android:orientation="vertical"
               android:layout_marginTop="20dp">


               <CheckBox
                   android:layout_width="match_parent"
                   android:layout_height="wrap_content"
                   android:text=""
                   app:buttonTint="#FFFFFF"
                   android:layout_marginLeft="18dp">

               </CheckBox>

               <ImageView
                   android:layout_width="wrap_content"
                   android:layout_height="wrap_content"
                   android:src="@drawable/garis2"
                   android:layout_marginTop="-10dp"
                   android:layout_marginLeft="50dp">
               </ImageView>
           </LinearLayout>
           <Button
               android:layout_width="wrap_content"
               android:layout_height="wrap_content"
               android:backgroundTint="#383434"
               android:text="Hapus"
               android:layout_marginTop="8dp"
               android:layout_marginLeft="20dp">
           </Button>

       </LinearLayout>
       <LinearLayout
           android:layout_width="wrap_content"
           android:layout_height="wrap_content"
           android:orientation="horizontal">

           <LinearLayout
               android:layout_width="match_parent"
               android:layout_height="match_parent"
               android:orientation="vertical"
               android:layout_marginTop="20dp">


               <CheckBox
                   android:layout_width="match_parent"
                   android:layout_height="wrap_content"
                   android:text=""
                   app:buttonTint="#FFFFFF"
                   android:layout_marginLeft="18dp">

               </CheckBox>

               <ImageView
                   android:layout_width="wrap_content"
                   android:layout_height="wrap_content"
                   android:src="@drawable/garis2"
                   android:layout_marginTop="-10dp"
                   android:layout_marginLeft="50dp">
               </ImageView>
           </LinearLayout>
           <Button
               android:layout_width="wrap_content"
               android:layout_height="wrap_content"
               android:backgroundTint="#383434"
               android:text="Hapus"
               android:layout_marginTop="8dp"
               android:layout_marginLeft="20dp">
           </Button>

       </LinearLayout>

       <TextView
           android:layout_width="match_parent"
           android:layout_height="match_parent"
           android:text="Selesai Dikejakan"
           android:textColor="#ffffff"
           android:textSize="18dp"
           android:textStyle="normal"
           android:layout_marginLeft="15dp"
           android:layout_marginTop="20dp">

       </TextView>

       <ImageView
           android:layout_width="match_parent"
           android:layout_height="wrap_content"
           android:src="@drawable/garis1"
           android:layout_marginTop="10dp">
       </ImageView>

       <LinearLayout
           android:layout_width="wrap_content"
           android:layout_height="wrap_content"
           android:orientation="horizontal">

           <LinearLayout
               android:layout_width="match_parent"
               android:layout_height="match_parent"
               android:orientation="vertical"
               android:layout_marginTop="20dp">


               <CheckBox
                   android:layout_width="match_parent"
                   android:layout_height="wrap_content"
                   android:text=""
                   app:buttonTint="#FFFFFF"
                   android:layout_marginLeft="18dp"
                   android:id="@+id/selesai">

               </CheckBox>

               <ImageView
                   android:layout_width="wrap_content"
                   android:layout_height="wrap_content"
                   android:src="@drawable/garis2"
                   android:layout_marginTop="-10dp"
                   android:layout_marginLeft="50dp">
               </ImageView>
           </LinearLayout>
           <Button
               android:layout_width="wrap_content"
               android:layout_height="wrap_content"
               android:backgroundTint="#383434"
               android:text="Hapus"
               android:layout_marginTop="8dp"
               android:layout_marginLeft="20dp">
           </Button>

       </LinearLayout>

       <LinearLayout
           android:layout_width="wrap_content"
           android:layout_height="wrap_content"
           android:orientation="horizontal">

           <LinearLayout
               android:layout_width="match_parent"
               android:layout_height="match_parent"
               android:orientation="vertical"
               android:layout_marginTop="20dp">


               <CheckBox
                   android:layout_width="match_parent"
                   android:layout_height="wrap_content"
                   android:text=""
                   app:buttonTint="#FFFFFF"
                   android:layout_marginLeft="18dp">

               </CheckBox>

               <ImageView
                   android:layout_width="wrap_content"
                   android:layout_height="wrap_content"
                   android:src="@drawable/garis2"
                   android:layout_marginTop="-10dp"
                   android:layout_marginLeft="50dp">
               </ImageView>
           </LinearLayout>
           <Button
               android:layout_width="wrap_content"
               android:layout_height="wrap_content"
               android:backgroundTint="#383434"
               android:text="Hapus"
               android:layout_marginTop="8dp"
               android:layout_marginLeft="20dp">
           </Button>

       </LinearLayout>
       <LinearLayout
           android:layout_width="wrap_content"
           android:layout_height="wrap_content"
           android:orientation="horizontal">

       </LinearLayout>

   </LinearLayout>



</ScrollView>